column_1,column_2,column_3,column_4,column_5
recognize,written,fly,remember,volume
being,pull,football,cap,sister
alphabet,relationship,forest,organization,break
laid,smell,excitement,son,castle
man,adventure,nails,full,detail
plural,car,particular,effort,solution
cap,education,jack,use,pitch
hurt,or,music,comfortable,wind
religious,forward,increase,one,result
brown,lonely,tax,slowly,surprise
rain,park,stock,movie,situation
unusual,wait,flat,lunch,top
deep,fill,central,diagram,pass
your,hour,finger,substance,deer
student,ruler,began,become,due
aloud,influence,related,somehow,customs
sit,useful,highway,neighborhood,indeed
dream,scale,herself,satellites,therefore
two,reach,unhappy,like,somebody
across,mission,smaller,baby,riding
five,egg,gas,dry,chapter
silence,rock,roof,thought,straight
sick,paint,magic,am,wall
each,play,wear,near,off
term,with,including,those,her
police,smallest,area,new,previous
section,hurry,plan,month,of
dust,white,political,sun,stop
frog,edge,low,minerals,tomorrow
cell,tax,meant,badly,taught
vote,coming,all,dried,clear
